context,label,year,test_type,question_number,question,answers
Speculations about the meaning and purpose of prehistoric art [rely] heavily on analogies drawn with modern-day hunter-gatherer societies. ,TRUE,2020,짝수형,29,"다음 글의 밑줄 친 부분 중, 어법상 틀린 것은?",1
"Such primitive societies,  [as] Steven Mithen emphasizes in The Prehistory of the Modern Mind, tend to view man and beast, animal and plant, organic and inorganic spheres, as participants in an integrated, animated totality. ",TRUE,2020,짝수형,29,"다음 글의 밑줄 친 부분 중, 어법상 틀린 것은?",2
"The dual expressions of this tendency are anthropomorphism (the practice of regarding animals as humans) and totemism (the practice of regarding humans as animals), both of [which] spread through the visual art and the mythology of primitive cultures. ",TRUE,2020,짝수형,29,"다음 글의 밑줄 친 부분 중, 어법상 틀린 것은?",3
Thus the natural world is conceptualized in terms of human social relations. ,TRUE,2020,짝수형,29,"다음 글의 밑줄 친 부분 중, 어법상 틀린 것은?",0
"When considered in this light, the visual preoccupation of early humans with the nonhuman creatures [inhabited] their world becomes profoundly meaningful. ",FALSE,2020,짝수형,29,"다음 글의 밑줄 친 부분 중, 어법상 틀린 것은?",4
"Among hunter-gatherers, animals are not only good to eat, they are also good to think about, as Claude Lévi-Strauss has observed. ",TRUE,2020,짝수형,29,"다음 글의 밑줄 친 부분 중, 어법상 틀린 것은?",0
"In the practice of totemism, he has suggested, an unlettered humanity “broods upon [itself] and its place in nature.” ",TRUE,2020,짝수형,29,"다음 글의 밑줄 친 부분 중, 어법상 틀린 것은?",5
Suppose we know that Paula suffers from a severe phobia. ,TRUE,2020,짝수형,30,"다음 글의 밑줄 친 부분 중,문맥상 낱말의 쓰임이 적절하지 않은 것은? ",0
"If we reason that Paula is afraid either of snakes or spiders, and then [establish] that she is not afraid of snakes, we will conclude that Paula is afraid of spiders. ",TRUE,2020,짝수형,30,"다음 글의 밑줄 친 부분 중,문맥상 낱말의 쓰임이 적절하지 않은 것은? ",1
"However, our conclusion is reasonable only if Paula’s fear really does concern either snakes or spiders. ",TRUE,2020,짝수형,30,"다음 글의 밑줄 친 부분 중,문맥상 낱말의 쓰임이 적절하지 않은 것은? ",0
"If we know only that Paula has a phobia, then the fact that she’s not afraid of snakes is entirely [consistent] with her being afraid of heights, water, dogs or the number thirteen. ",TRUE,2020,짝수형,30,"다음 글의 밑줄 친 부분 중,문맥상 낱말의 쓰임이 적절하지 않은 것은? ",2
"More generally, when we are presented with a list of alternative explanations for some phenomenon, and are then persuaded that all but one of those explanations are [unsatisfactory], we should pause to reflect. ",TRUE,2020,짝수형,30,"다음 글의 밑줄 친 부분 중,문맥상 낱말의 쓰임이 적절하지 않은 것은? ",3
"Before [denying] that the remaining explanation is the correct one, consider whether other plausible options are being ignored or overlooked. ",FALSE,2020,짝수형,30,"다음 글의 밑줄 친 부분 중,문맥상 낱말의 쓰임이 적절하지 않은 것은? ",4
"The fallacy of false choice misleads when we’re insufficiently attentive to an important hidden assumption, that the choices which have been made explicit exhaust the [sensible] alternatives. ",TRUE,2020,짝수형,30,"다음 글의 밑줄 친 부분 중,문맥상 낱말의 쓰임이 적절하지 않은 것은? ",5
“Monumental” is a word that comes very close to [expressing] the basic characteristic of Egyptian art. ,TRUE,2019,짝수형,29,"다음 글의 밑줄 친 부분 중, 어법상 틀린 것은?",1
Never before and never since has the quality of monumentality been achieved as fully as it [did] in Egypt. ,FALSE,2019,짝수형,29,"다음 글의 밑줄 친 부분 중, 어법상 틀린 것은?",2
"The reason for this is not the external size and massiveness of their works, although the Egyptians admittedly achieved some amazing things in this respect. ",TRUE,2019,짝수형,29,"다음 글의 밑줄 친 부분 중, 어법상 틀린 것은?",0
Many modern structures exceed [those] of Egypt in terms of purely physical size. ,TRUE,2019,짝수형,29,"다음 글의 밑줄 친 부분 중, 어법상 틀린 것은?",3
But massiveness has nothing to do with monumentality. ,TRUE,2019,짝수형,29,"다음 글의 밑줄 친 부분 중, 어법상 틀린 것은?",0
"An Egyptian sculpture no bigger than a person’s hand is more monumental than that gigantic pile of stones  [that] constitutes the war memorial in Leipzig, for instance. ",TRUE,2019,짝수형,29,"다음 글의 밑줄 친 부분 중, 어법상 틀린 것은?",4
"Monumentality is not a matter of external weight, but of “inner weight.” ",TRUE,2019,짝수형,29,"다음 글의 밑줄 친 부분 중, 어법상 틀린 것은?",0
"This inner weight is the quality which Egyptian art possesses to such a degree that everything in it seems to be made of primeval stone, like a mountain range, even if it is only a few inches across or [carved] in wood. ",TRUE,2019,짝수형,29,"다음 글의 밑줄 친 부분 중, 어법상 틀린 것은?",5
"Europe’s first Homo sapiens lived primarily on large game, particularly reindeer. ",TRUE,2019,짝수형,30,"다음 글의 밑줄 친 부분 중,문맥상 낱말의 쓰임이 적절하지 않은 것은? ",0
"Even under ideal circumstances, hunting these fast animals with spear or bow and arrow is an [uncertain] task.",TRUE,2019,짝수형,30,"다음 글의 밑줄 친 부분 중,문맥상 낱말의 쓰임이 적절하지 않은 것은? ",1
"The reindeer, however, had a [weakness] that mankind would mercilessly exploit: it swam poorly. ",TRUE,2019,짝수형,30,"다음 글의 밑줄 친 부분 중,문맥상 낱말의 쓰임이 적절하지 않은 것은? ",2
"While afloat, it is uniquely [vulnerable], moving slowly with its antlers held high as it struggles to keep its nose above water.",TRUE,2019,짝수형,30,"다음 글의 밑줄 친 부분 중,문맥상 낱말의 쓰임이 적절하지 않은 것은? ",3
"At some point, a Stone Age genius realized the enormous hunting [advantage] he would gain by being able to glide over the water’s surface, and built the first boat.",TRUE,2019,짝수형,30,"다음 글의 밑줄 친 부분 중,문맥상 낱말의 쓰임이 적절하지 않은 것은? ",4
"Once the [laboriously] overtaken and killed prey had been hauled aboard, getting its body back to the tribal camp would have been far easier by boat than on land.",FALSE,2019,짝수형,30,"다음 글의 밑줄 친 부분 중,문맥상 낱말의 쓰임이 적절하지 않은 것은? ",5
It would not have taken long for mankind to apply this advantage to other goods.,TRUE,2019,짝수형,30,"다음 글의 밑줄 친 부분 중,문맥상 낱말의 쓰임이 적절하지 않은 것은? ",0
"Psychologists who study giving behavior [have] noticed that some people give substantial amounts to one or two charities, while others give small amounts to many charities.",TRUE,2018,짝수형,28,"다음 글의 밑줄 친 부분 중, 어법상 틀린 것은?",1
Those who donate to one or two charities seek evidence about what the charity is doing and [what] it is really having a positive impact.,FALSE,2018,짝수형,28,"다음 글의 밑줄 친 부분 중, 어법상 틀린 것은?",2
"If the evidence indicates that the charity is really helping others, they make a substantial donation.",TRUE,2018,짝수형,28,"다음 글의 밑줄 친 부분 중, 어법상 틀린 것은?",0
Those who give small amounts to many charities are not so interested in whether what they are [doing] helps others ─ psychologists call them warm glow givers.,TRUE,2018,짝수형,28,"다음 글의 밑줄 친 부분 중, 어법상 틀린 것은?",3
"Knowing that they are giving makes [them] feel good, regardless of the impact of their donation.",TRUE,2018,짝수형,28,"다음 글의 밑줄 친 부분 중, 어법상 틀린 것은?",4
"In many cases the donation is so small ─ $10 or less ─ that if they stopped [to think], they would realize that the cost of processing the donation is likely to exceed any benefit it brings to the charity.",TRUE,2018,짝수형,28,"다음 글의 밑줄 친 부분 중, 어법상 틀린 것은?",5
Some prominent journalists say that archaeologists should work with treasure hunters because treasure hunters have accumulated valuable historical artifacts that can reveal much about the past.,TRUE,2018,짝수형,29,"다음 글의 밑줄 친 부분 중,문맥상 낱말의 쓰임이 적절하지 않은 것은? ",0
"But archaeologists are not asked to cooperate with tomb robbers, who also have valuable historical artifacts.",TRUE,2018,짝수형,29,"다음 글의 밑줄 친 부분 중,문맥상 낱말의 쓰임이 적절하지 않은 것은? ",0
The quest for profit and the search for knowledge cannot coexist in archaeology because of the [time] factor.,TRUE,2018,짝수형,29,"다음 글의 밑줄 친 부분 중,문맥상 낱말의 쓰임이 적절하지 않은 것은? ",1
"Rather incredibly, one archaeologist employed by a treasure hunting firm said that as long as archaeologists are given six months to study shipwrecked artifacts before they are sold, no historical knowledge is [found]!",FALSE,2018,짝수형,29,"다음 글의 밑줄 친 부분 중,문맥상 낱말의 쓰임이 적절하지 않은 것은? ",2
"On the contrary, archaeologists and assistants from the INA (Institute of Nautical Archaeology) needed more than a decade of year-round conservation before they could even [catalog] all the finds from an eleventh-century AD wreck they had excavated.",TRUE,2018,짝수형,29,"다음 글의 밑줄 친 부분 중,문맥상 낱말의 쓰임이 적절하지 않은 것은? ",3
"Then, to interpret those finds, they had to [learn] Russian, Bulgarian, and Romanian, without which they would never have learned the true nature of the site.",TRUE,2018,짝수형,29,"다음 글의 밑줄 친 부분 중,문맥상 낱말의 쓰임이 적절하지 않은 것은? ",4
Could a “commercial archaeologist” have [waited] more than a decade or so before selling the finds?,TRUE,2018,짝수형,29,"다음 글의 밑줄 친 부분 중,문맥상 낱말의 쓰임이 적절하지 않은 것은? ",5
"When people face real adversity ─ disease, unemployment, or the disabilities of age ─ affection from a pet takes on new meaning.",TRUE,2017,짝수형,28,"다음 글의 밑줄 친 부분 중, 어법상 틀린 것은?",0
A pet’s continuing affection becomes crucially important for [those] enduring hardship because it reassures them that their core essence has not been damaged.,TRUE,2017,짝수형,28,"다음 글의 밑줄 친 부분 중, 어법상 틀린 것은?",1
Thus pets are important in the treatment of [depressed] or chronically ill patients.,TRUE,2017,짝수형,28,"다음 글의 밑줄 친 부분 중, 어법상 틀린 것은?",2
"In addition, pets are [used] to great advantage with the institutionalized aged.",TRUE,2017,짝수형,28,"다음 글의 밑줄 친 부분 중, 어법상 틀린 것은?",3
In such institutions it is difficult for the staff to retain optimism when all the patients are declining in health.,TRUE,2017,짝수형,28,"다음 글의 밑줄 친 부분 중, 어법상 틀린 것은?",0
Children who visit cannot help but remember [what] their parents or grandparents once were and be depressed by their incapacities.,TRUE,2017,짝수형,28,"다음 글의 밑줄 친 부분 중, 어법상 틀린 것은?",4
"Animals, however, have no expectations about mental capacity.",TRUE,2017,짝수형,28,"다음 글의 밑줄 친 부분 중, 어법상 틀린 것은?",0
They do not worship youth.,TRUE,2017,짝수형,28,"다음 글의 밑줄 친 부분 중, 어법상 틀린 것은?",0
They have no memories about what the aged once [was] and greet them as if they were children.,FALSE,2017,짝수형,28,"다음 글의 밑줄 친 부분 중, 어법상 틀린 것은?",5
An old man holding a puppy can relive a childhood moment with complete accuracy. His joy and the animal’s response are the same.,TRUE,2017,짝수형,28,"다음 글의 밑줄 친 부분 중, 어법상 틀린 것은?",0
"When teachers work in isolation, they tend to see the world through one set of eyes ─ their own.",TRUE,2017,짝수형,29,"(A), (B), (C)의 각 네모 안에서 문맥에 맞는 낱말로 가장 적절한 것은?",0
The fact that there might be someone somewhere in the same building or district who may be more successful at teaching this or that subject or lesson is [based] on teachers who close the door and work their way through the school calendar virtually alone.,FALSE,2017,짝수형,29,"(A), (B), (C)의 각 네모 안에서 문맥에 맞는 낱말로 가장 적절한 것은?",A
The fact that there might be someone somewhere in the same building or district who may be more successful at teaching this or that subject or lesson is [lost] on teachers who close the door and work their way through the school calendar virtually alone.,TRUE,2017,짝수형,29,"(A), (B), (C)의 각 네모 안에서 문맥에 맞는 낱말로 가장 적절한 것은?",A
"In the absence of a process that [allows] them to benchmark those who do things better or at least differently, teachers are left with that one perspective─their own.",TRUE,2017,짝수형,29,"(A), (B), (C)의 각 네모 안에서 문맥에 맞는 낱말로 가장 적절한 것은?",B
"In the absence of a process that [forbids] them to benchmark those who do things better or at least differently, teachers are left with that one perspective─their own.",FALSE,2017,짝수형,29,"(A), (B), (C)의 각 네모 안에서 문맥에 맞는 낱말로 가장 적절한 것은?",B
I taught various subjects under the social studies umbrella and had very little idea of how my peers who taught the same subject did what they did.,TRUE,2017,짝수형,29,"(A), (B), (C)의 각 네모 안에서 문맥에 맞는 낱말로 가장 적절한 것은?",0
"The idea of meeting regularly to compare notes, plan common assessments, and share what we did well [mostly] occurred to us.",FALSE,2017,짝수형,29,"(A), (B), (C)의 각 네모 안에서 문맥에 맞는 낱말로 가장 적절한 것은?",C
"The idea of meeting regularly to compare notes, plan common assessments, and share what we did well [never] occurred to us.",TRUE,2017,짝수형,29,"(A), (B), (C)의 각 네모 안에서 문맥에 맞는 낱말로 가장 적절한 것은?",C
"Rather, we spent much time in the social studies office complaining about a lack of time and playing the blame game.",TRUE,2017,짝수형,29,"(A), (B), (C)의 각 네모 안에서 문맥에 맞는 낱말로 가장 적절한 것은?",0
The Greeks’ focus on the salient object and its attributes led to 1their failure to understand the fundamental nature of causality.,TRUE,2016,짝수형,28,"다음 글의 밑줄 친 부분 중, 어법상 틀린 것은?",1
Aristotle explained that a stone falling through the air is due to the stone having the property of “gravity.”,TRUE,2016,짝수형,28,"다음 글의 밑줄 친 부분 중, 어법상 틀린 것은?",0
But of course a piece of wood 2 tossed into water floats instead of sinking.,TRUE,2016,짝수형,28,"다음 글의 밑줄 친 부분 중, 어법상 틀린 것은?",2
This phenomenon Aristotle explained as being due to the wood having the property of “levity”!,TRUE,2016,짝수형,28,"다음 글의 밑줄 친 부분 중, 어법상 틀린 것은?",0
"In both cases the focus is 3 exclusively on the object, with no attention paid to the possibility that some force outside the object might be relevant.",TRUE,2016,짝수형,28,"다음 글의 밑줄 친 부분 중, 어법상 틀린 것은?",3
"But the Chinese saw the world as consisting of continuously interacting substances, so their attempts to understand it 4 causing them to be oriented toward the complexities of the entire “field,” that is, the context or environment as a whole.",FALSE,2016,짝수형,28,"다음 글의 밑줄 친 부분 중, 어법상 틀린 것은?",4
The notion 5 that events always occur in a field of forces would have been completely intuitive to the Chinese.,TRUE,2016,짝수형,28,"다음 글의 밑줄 친 부분 중, 어법상 틀린 것은?",5
"The Atitlán Giant Grebe was a large, flightless bird that had evolved from the much more widespread and smaller Pied-billed Grebe.",TRUE,2016,짝수형,29,"(A), (B), (C)의 각 네모 안에서 문맥에 맞는 낱말로 가장 적절한 것은?",0
By 1965 there were only around 80 birds left on Lake Atitlán. One immediate reason was easy enough to spot: the local human population was cutting down the reed beds at a furious rate.,TRUE,2016,짝수형,29,"(A), (B), (C)의 각 네모 안에서 문맥에 맞는 낱말로 가장 적절한 것은?",0
This [accomodation] was driven by the needs of a fast growing mat-making industry.,FALSE,2016,짝수형,29,"(A), (B), (C)의 각 네모 안에서 문맥에 맞는 낱말로 가장 적절한 것은?",A
This [destruction] was driven by the needs of a fast growing mat-making industry.,TRUE,2016,짝수형,29,"(A), (B), (C)의 각 네모 안에서 문맥에 맞는 낱말로 가장 적절한 것은?",A
But there were other problems.,TRUE,2016,짝수형,29,"(A), (B), (C)의 각 네모 안에서 문맥에 맞는 낱말로 가장 적절한 것은?",0
An American airline was intent on developing the lake as a tourist destination for fishermen.,TRUE,2016,짝수형,29,"(A), (B), (C)의 각 네모 안에서 문맥에 맞는 낱말로 가장 적절한 것은?",0
"However, there was a major problem with this idea: the lake [lacked] any suitable sporting fish!",TRUE,2016,짝수형,29,"(A), (B), (C)의 각 네모 안에서 문맥에 맞는 낱말로 가장 적절한 것은?",B
"However, there was a major problem with this idea: the lake [supported] any suitable sporting fish!",FALSE,2016,짝수형,29,"(A), (B), (C)의 각 네모 안에서 문맥에 맞는 낱말로 가장 적절한 것은?",B
"To compensate for this rather obvious defect, a specially selected species of fish called the Large-mouthed Bass was introduced.",TRUE,2016,짝수형,29,"(A), (B), (C)의 각 네모 안에서 문맥에 맞는 낱말로 가장 적절한 것은?",0
"The introduced individuals immediately turned their attentions to the crabs and small fish that lived in the lake, thus [competing] with the few remaining grebes for food.",TRUE,2016,짝수형,29,"(A), (B), (C)의 각 네모 안에서 문맥에 맞는 낱말로 가장 적절한 것은?",C
"The introduced individuals immediately turned their attentions to the crabs and small fish that lived in the lake, thus [cooperating] with the few remaining grebes for food.",FALSE,2016,짝수형,29,"(A), (B), (C)의 각 네모 안에서 문맥에 맞는 낱말로 가장 적절한 것은?",C
There is also little doubt that they sometimes gobbled up the zebra-striped Atitlán Giant Grebe’s chicks.,TRUE,2016,짝수형,29,"(A), (B), (C)의 각 네모 안에서 문맥에 맞는 낱말로 가장 적절한 것은?",0
Competitive activities can be more than just performance showcases [which] the best is recognized and the rest are overlooked.,FALSE,2021,9월,29,"다음 글의 밑줄 친 부분 중, 어법상 틀린 것은?",1
"The provision of timely, constructive feedback to participants on performance [is] an asset that some competitions and contests offer.",TRUE,2021,9월,29,"다음 글의 밑줄 친 부분 중, 어법상 틀린 것은?",2
"In a sense, all competitions give feedback.",TRUE,2021,9월,29,"다음 글의 밑줄 친 부분 중, 어법상 틀린 것은?",0
"For many, this is restricted to information about whether the participant is an award- or prizewinner.",TRUE,2021,9월,29,"다음 글의 밑줄 친 부분 중, 어법상 틀린 것은?",0
The provision of that type of feedback can be interpreted as shifting the emphasis to demonstrating superior performance but not [necessarily] excellence.,TRUE,2021,9월,29,"다음 글의 밑줄 친 부분 중, 어법상 틀린 것은?",3
"The best competitions promote excellence, not just winning or “beating” others.",TRUE,2021,9월,29,"다음 글의 밑줄 친 부분 중, 어법상 틀린 것은?",0
The emphasis on superiority is what we typically see as [fostering] a detrimental effect of competition.,TRUE,2021,9월,29,"다음 글의 밑줄 친 부분 중, 어법상 틀린 것은?",4
"Performance feedback requires that the program go beyond the “win, place, or show” level of feedback.",TRUE,2021,9월,29,"다음 글의 밑줄 친 부분 중, 어법상 틀린 것은?",0
"Information about performance can be very helpful, not only to the participant who does not win or place but also to those who [do].",TRUE,2021,9월,29,"다음 글의 밑줄 친 부분 중, 어법상 틀린 것은?",5
"If I say to you, ‘Don’t think of a white bear’, you will find it difficult not to think of a white bear. ",TRUE,2021,9월,30,"다음 글의 밑줄 친 부분 중,문맥상 낱말의 쓰임이 적절하지 않은 것은? ",0
"In this way, ‘thought suppression can actually increase the thoughts one wishes to suppress instead of calming them’.",TRUE,2021,9월,30,"다음 글의 밑줄 친 부분 중,문맥상 낱말의 쓰임이 적절하지 않은 것은? ",0
One common example of this is that people on a diet who try not to think about food often begin to think much [more] about food.,TRUE,2021,9월,30,"다음 글의 밑줄 친 부분 중,문맥상 낱말의 쓰임이 적절하지 않은 것은? ",1
This process is therefore also known as the rebound effect.,TRUE,2021,9월,30,"다음 글의 밑줄 친 부분 중,문맥상 낱말의 쓰임이 적절하지 않은 것은? ",0
The [ironic] effect seems to be caused by the interplay of two related cognitive processes.,TRUE,2021,9월,30,"다음 글의 밑줄 친 부분 중,문맥상 낱말의 쓰임이 적절하지 않은 것은? ",2
"This dual-process system involves, first, an intentional operating process, which consciously attempts to locate thoughts [unrelated] to the suppressed ones.",TRUE,2021,9월,30,"다음 글의 밑줄 친 부분 중,문맥상 낱말의 쓰임이 적절하지 않은 것은? ",3
"Second, and simultaneously, an unconscious monitoring process tests whether the operating system is functioning effectively.",TRUE,2021,9월,30,"다음 글의 밑줄 친 부분 중,문맥상 낱말의 쓰임이 적절하지 않은 것은? ",0
"If the monitoring system encounters thoughts inconsistent with the intended ones, it prompts the intentional operating process to ensure that these are replaced by [inappropriate] thoughts.",FALSE,2021,9월,30,"다음 글의 밑줄 친 부분 중,문맥상 낱말의 쓰임이 적절하지 않은 것은? ",4
"However, it is argued, the intentional operating system can fail due to increased cognitive load caused by fatigue, stress and emotional factors, and so the monitoring process filters the inappropriate thoughts into consciousness, making them highly [accessible].",TRUE,2021,9월,30,"다음 글의 밑줄 친 부분 중,문맥상 낱말의 쓰임이 적절하지 않은 것은? ",5
People from more individualistic cultural contexts tend to be motivated to maintain self-focused agency or control 1 as these serve as the basis of one’s self-worth.,TRUE,2021,6월,29,"다음 글의 밑줄 친 부분 중, 어법상 틀린 것은?",1
"With this form of agency comes the belief that individual successes 2 depending primarily on one’s own abilities and actions, and thus, whether by influencing the environment or trying to accept one’s circumstances, the use of control ultimately centers on the individual.",FALSE,2021,6월,29,"다음 글의 밑줄 친 부분 중, 어법상 틀린 것은?",2
The independent self may be more 3 driven to cope by appealing to a sense of agency or control.,TRUE,2021,6월,29,"다음 글의 밑줄 친 부분 중, 어법상 틀린 것은?",3
"However, people from more interdependent cultural contexts tend to be less focused on issues of individual success and agency and more motivated towards group goals and harmony.",TRUE,2021,6월,29,"다음 글의 밑줄 친 부분 중, 어법상 틀린 것은?",0
"Research has shown 4 that East Asians prefer to receive, but not seek, more social support rather than seek personal control in certain cases.",TRUE,2021,6월,29,"다음 글의 밑줄 친 부분 중, 어법상 틀린 것은?",4
"Therefore, people 5 who hold a more interdependent self-construal may prefer to cope in a way that promotes harmony in relationships.",TRUE,2021,6월,29,"다음 글의 밑줄 친 부분 중, 어법상 틀린 것은?",5
Chunking is vital for cognition of music.,TRUE,2021,6월,30,"다음 글의 밑줄 친 부분 중,문맥상 낱말의 쓰임이 적절하지 않은 것은? ",0
"If we had to encode it in our brains note by note, we’d [struggle] to make sense of anything more complex than the simplest children’s songs.",TRUE,2021,6월,30,"다음 글의 밑줄 친 부분 중,문맥상 낱말의 쓰임이 적절하지 않은 것은? ",1
"Of course, most accomplished musicians can play compositions containing many thousands of notes entirely from  [memory], without a note out of place.",TRUE,2021,6월,30,"다음 글의 밑줄 친 부분 중,문맥상 낱말의 쓰임이 적절하지 않은 것은? ",2
"But this seemingly awesome accomplishment of recall is made [improbable] by remembering the musical process, not the individual notes as such.",FALSE,2021,6월,30,"다음 글의 밑줄 친 부분 중,문맥상 낱말의 쓰임이 적절하지 않은 것은? ",3
"If you ask a pianist to start a Mozart sonata from bar forty-one, she’ll probably have to [mentally] replay the music from the start until reaching that bar ― the score is not simply laid out in her mind, to be read from any random point.",TRUE,2021,6월,30,"다음 글의 밑줄 친 부분 중,문맥상 낱말의 쓰임이 적절하지 않은 것은? ",4
"It’s rather like describing how you drive to work: you don’t simply recite the names of roads as an abstract list, but have to construct your route by mentally retracing it.",TRUE,2021,6월,30,"다음 글의 밑줄 친 부분 중,문맥상 낱말의 쓰임이 적절하지 않은 것은? ",0
"When musicians make a mistake during rehearsal, they wind back to the 5 start of a musical phrase (‘let’s take it from the second verse’) before restarting.",TRUE,2021,6월,30,"다음 글의 밑줄 친 부분 중,문맥상 낱말의 쓰임이 적절하지 않은 것은? ",5
"To begin with a psychological reason, the knowledge of another’s personal affairs can tempt the possessor of this information [to repeat] it as gossip because as unrevealed information it remains socially inactive.",TRUE,2020,9월,29,"다음 글의 밑줄 친 부분 중, 어법상 틀린 것은?",1
"Only when the information is repeated can its possessor [turn] the fact that he knows something into something socially valuable like social recognition, prestige, and notoriety.",TRUE,2020,9월,29,"다음 글의 밑줄 친 부분 중, 어법상 틀린 것은?",2
"As long as he keeps his information to [himself], he may feel superior to those who do not know it.",TRUE,2020,9월,29,"다음 글의 밑줄 친 부분 중, 어법상 틀린 것은?",3
"But knowing and not telling does not give him that feeling of “superiority that, so to say, latently contained in the secret, fully [actualizing] itself only at the moment of disclosure.”",FALSE,2020,9월,29,"다음 글의 밑줄 친 부분 중, 어법상 틀린 것은?",4
This is the main motive for gossiping about well-known figures and superiors.,TRUE,2020,9월,29,"다음 글의 밑줄 친 부분 중, 어법상 틀린 것은?",0
"The gossip producer assumes that some of the “fame” of the subject of gossip, as [whose] “friend” he presents himself, will rub off on him.",TRUE,2020,9월,29,"다음 글의 밑줄 친 부분 중, 어법상 틀린 것은?",5
"One misconception that often appears in the writings of physical scientists who are looking at biology from the outside is that the environment appears to them to be a static entity, which cannot contribute new bits of information as evolution progresses.",TRUE,2020,9월,30,"다음 글의 밑줄 친 부분 중,문맥상 낱말의 쓰임이 적절하지 않은 것은? ",0
"This, however, is by no means the case.",TRUE,2020,9월,30,"다음 글의 밑줄 친 부분 중,문맥상 낱말의 쓰임이 적절하지 않은 것은? ",0
"Far from being static, the environment is constantly changing and offering new [challenges] to evolving populations.",TRUE,2020,9월,30,"다음 글의 밑줄 친 부분 중,문맥상 낱말의 쓰임이 적절하지 않은 것은? ",1
"For higher organisms, the most significant changes in the environment are those produced by the contemporaneous evolution of other organisms.",TRUE,2020,9월,30,"다음 글의 밑줄 친 부분 중,문맥상 낱말의 쓰임이 적절하지 않은 것은? ",0
The evolution of a horse’s hoof from a five-toed foot has [enabled] the horse to gallop rapidly over open plains.,TRUE,2020,9월,30,"다음 글의 밑줄 친 부분 중,문맥상 낱말의 쓰임이 적절하지 않은 것은? ",2
But such galloping is of no [advantage] to a horse unless it is being chased by a predator. ,TRUE,2020,9월,30,"다음 글의 밑줄 친 부분 중,문맥상 낱말의 쓰임이 적절하지 않은 것은? ",3
The horse’s efficient mechanism for running would never have evolved except for the fact that meat-eating predators were at the same time evolving more efficient methods of [attack]. ,TRUE,2020,9월,30,"다음 글의 밑줄 친 부분 중,문맥상 낱말의 쓰임이 적절하지 않은 것은? ",4
"Consequently, laws based upon ecological relationships among different kinds of organisms are [optional] for understanding evolution and the diversity of life to which it has given rise.",FALSE,2020,9월,30,"다음 글의 밑줄 친 부분 중,문맥상 낱말의 쓰임이 적절하지 않은 것은? ",5
An interesting aspect of human psychology is that we tend to like things more and find them more [appealing] if everything about those things is not obvious the first time we experience them.,TRUE,2020,6월,29,"다음 글의 밑줄 친 부분 중, 어법상 틀린 것은?",1
"This is certainly true in music. For example, we might hear a song on the radio for the first time that catches our interest and [decide] we like it.",TRUE,2020,6월,29,"다음 글의 밑줄 친 부분 중, 어법상 틀린 것은?",2
"Then the next time we hear it, we hear a lyric we didn’t catch the first time, or we might notice [what] the piano or drums are doing in the background.",TRUE,2020,6월,29,"다음 글의 밑줄 친 부분 중, 어법상 틀린 것은?",3
A special harmony [emerges] that we missed before. We hear more and more and understand more and more with each listening.,TRUE,2020,6월,29,"다음 글의 밑줄 친 부분 중, 어법상 틀린 것은?",4
"Sometimes, the longer [that] takes for a work of art to reveal all of its subtleties to us, the more fond of that thing ― whether it’s music, art, dance, or architecture ― we become.",FALSE,2020,6월,29,"다음 글의 밑줄 친 부분 중, 어법상 틀린 것은?",5
Sometimes the awareness that one is distrusted can provide the necessary incentive for self-reflection.,TRUE,2020,6월,30,"다음 글의 밑줄 친 부분 중,문맥상 낱말의 쓰임이 적절하지 않은 것은? ",0
"An employee who [realizes] she isn’t being trusted by her co-workers with shared responsibilities at work might, upon reflection, identify areas where she has consistently let others down or failed to follow through on previous commitments.",TRUE,2020,6월,30,"다음 글의 밑줄 친 부분 중,문맥상 낱말의 쓰임이 적절하지 않은 것은? ",1
Others’ distrust of her might then [forbid] her to perform her share of the duties in a way that makes her more worthy of their trust. ,FALSE,2020,6월,30,"다음 글의 밑줄 친 부분 중,문맥상 낱말의 쓰임이 적절하지 않은 것은? ",2
But distrust of one who is [sincere] in her efforts to be a trustworthy and dependable person can be disorienting and might cause her to doubt her own perceptions and to distrust herself.,TRUE,2020,6월,30,"다음 글의 밑줄 친 부분 중,문맥상 낱말의 쓰임이 적절하지 않은 것은? ",3
"Consider, for instance, a teenager whose parents are [suspicious] and distrustful when she goes out at night;",TRUE,2020,6월,30,"다음 글의 밑줄 친 부분 중,문맥상 낱말의 쓰임이 적절하지 않은 것은? ",4
"even if she has been forthright about her plans and is not [breaking] any agreed-upon rules, her identity as a respectable moral subject is undermined by a pervasive parental attitude that expects deceit and betrayal. ",TRUE,2020,6월,30,"다음 글의 밑줄 친 부분 중,문맥상 낱말의 쓰임이 적절하지 않은 것은? ",5
"Not all organisms are able to find sufficient food to survive, so starvation is a kind of disvalue often found in nature.",TRUE,2019,9월,29,"다음 글의 밑줄 친 부분 중, 어법상 틀린 것은?",0
It also is part of the process of selection [by which] biological evolution functions.,TRUE,2019,9월,29,"다음 글의 밑줄 친 부분 중, 어법상 틀린 것은?",1
"Starvation helps filter out those less fit to survive, those less resourceful in finding food for [themselves] and their young.",TRUE,2019,9월,29,"다음 글의 밑줄 친 부분 중, 어법상 틀린 것은?",2
"In some circumstances, it may pave the way for genetic variants [to take] hold in the population of a species and eventually allow the emergence of a new species in place of the old one.",TRUE,2019,9월,29,"다음 글의 밑줄 친 부분 중, 어법상 틀린 것은?",3
Thus starvation is a disvalue that can help make [possible] the good of greater diversity.,TRUE,2019,9월,29,"다음 글의 밑줄 친 부분 중, 어법상 틀린 것은?",4
"Starvation can be of practical or instrumental value, even as it is an intrinsic disvalue.",TRUE,2019,9월,29,"다음 글의 밑줄 친 부분 중, 어법상 틀린 것은?",0
[What] some organisms must starve in nature is deeply regrettable and sad.,FALSE,2019,9월,29,"다음 글의 밑줄 친 부분 중, 어법상 틀린 것은?",5
"The statement remains implacably true, even though starvation also may sometimes subserve ends that are good.",TRUE,2019,9월,29,"다음 글의 밑줄 친 부분 중, 어법상 틀린 것은?",0
"For every toxic substance, process, or product in use today, there is a safer alternative ― either already in existence, or waiting to be discovered through the application of human intellect, ingenuity, and effort. ",TRUE,2019,9월,30,"(A), (B), (C)의 각 네모 안에서 문맥에 맞는 낱말로 가장 적절한 것은?",0
"In almost every case, the safer alternative is [available] at a comparable cost. Industry may reject these facts and complain about the high cost of acting, but history sets the record straight. ",TRUE,2019,9월,30,"(A), (B), (C)의 각 네모 안에서 문맥에 맞는 낱말로 가장 적절한 것은?",A
"In almost every case, the safer alternative is [unavailable] at a comparable cost. Industry may reject these facts and complain about the high cost of acting, but history sets the record straight. ",FALSE,2019,9월,30,"(A), (B), (C)의 각 네모 안에서 문맥에 맞는 낱말로 가장 적절한 것은?",A
"The chemical industry denied that there were practical alternatives to ozone-depleting chemicals, [predicting] not only economic disaster but numerous deaths because food and vaccines would spoil without refrigeration.",TRUE,2019,9월,30,"(A), (B), (C)의 각 네모 안에서 문맥에 맞는 낱말로 가장 적절한 것은?",B
"The chemical industry denied that there were practical alternatives to ozone-depleting chemicals,[preventing] not only economic disaster but numerous deaths because food and vaccines would spoil without refrigeration.",FALSE,2019,9월,30,"(A), (B), (C)의 각 네모 안에서 문맥에 맞는 낱말로 가장 적절한 것은?",B
They were wrong.,TRUE,2019,9월,30,"(A), (B), (C)의 각 네모 안에서 문맥에 맞는 낱말로 가장 적절한 것은?",0
"The motor vehicle industry initially denied that cars caused air pollution, then claimed that no technology existed to reduce pollution from vehicles, and later argued that installing devices to reduce air pollution would make cars extremely expensive.",TRUE,2019,9월,30,"(A), (B), (C)의 각 네모 안에서 문맥에 맞는 낱말로 가장 적절한 것은?",0
They were wrong every time.,TRUE,2019,9월,30,"(A), (B), (C)의 각 네모 안에서 문맥에 맞는 낱말로 가장 적절한 것은?",0
The pesticide industry argues that synthetic pesticides are absolutely [necessary]  to grow food. ,TRUE,2019,9월,30,"(A), (B), (C)의 각 네모 안에서 문맥에 맞는 낱말로 가장 적절한 것은?",C
The pesticide industry argues that synthetic pesticides are absolutely [unnecessary]  to grow food. ,FALSE,2019,9월,30,"(A), (B), (C)의 각 네모 안에서 문맥에 맞는 낱말로 가장 적절한 것은?",C
Thousands of organic farmers are proving them wrong.,TRUE,2019,9월,30,"(A), (B), (C)의 각 네모 안에서 문맥에 맞는 낱말로 가장 적절한 것은?",0
Humans are so averse to feeling that they’re being cheated [that] they often respond in ways that seemingly make little sense. ,TRUE,2019,6월,28,"다음 글의 밑줄 친 부분 중, 어법상 틀린 것은?",1
Behavioral economists ― the economists who actually study [what] people do as opposed to the kind who simply assume the human mind works like a calculator ― have shown again and again that people reject unfair offers even if it costs them money to do so. ,TRUE,2019,6월,28,"다음 글의 밑줄 친 부분 중, 어법상 틀린 것은?",2
Behavioral economists ― the economists who actually study what people do as opposed to the kind who simply assume the human mind works like a calculator ― have shown again and again that people reject unfair offers even if [it] costs them money to do so. ,TRUE,2019,6월,28,"다음 글의 밑줄 친 부분 중, 어법상 틀린 것은?",3
The typical experiment uses a task called the ultimatum game. It’s pretty straightforward. ,TRUE,2019,6월,28,"다음 글의 밑줄 친 부분 중, 어법상 틀린 것은?",0
One person in a pair is given some money ― say $10. ,TRUE,2019,6월,28,"다음 글의 밑줄 친 부분 중, 어법상 틀린 것은?",0
She then has the opportunity to offer some amount of it to her partner. ,TRUE,2019,6월,28,"다음 글의 밑줄 친 부분 중, 어법상 틀린 것은?",0
The partner only has two options. He can take what’s offered or [refused] to take anything. ,FALSE,2019,6월,28,"다음 글의 밑줄 친 부분 중, 어법상 틀린 것은?",4
There’s no room for negotiation; that’s why it’s called the ultimatum game. ,TRUE,2019,6월,28,"다음 글의 밑줄 친 부분 중, 어법상 틀린 것은?",0
What typically happens? ,TRUE,2019,6월,28,"다음 글의 밑줄 친 부분 중, 어법상 틀린 것은?",0
"Many people offer an equal split to the partner, [leaving] both individuals happy and willing to trust each other in the future.",TRUE,2019,6월,28,"다음 글의 밑줄 친 부분 중, 어법상 틀린 것은?",5
"The lack of real, direct experience in and with nature has caused many children to regard the natural world as mere abstraction, that fantastic, beautifully filmed place [filled] with endangered rainforests and polar bears in peril. ",TRUE,2018,9월,28,"다음 글의 밑줄 친 부분 중, 어법상 틀린 것은?",1
"This overstated, often fictionalized version of nature is no more real ― and yet no less real ― to them than the everyday nature right outside their doors, [waits] to be discovered in a child’s way, at a child’s pace. ",FALSE,2018,9월,28,"다음 글의 밑줄 친 부분 중, 어법상 틀린 것은?",2
Consider the University of Cambridge study which found that a group of eight-year-old children was able to identify [substantially] more characters from animations than common wildlife species. ,TRUE,2018,9월,28,"다음 글의 밑줄 친 부분 중, 어법상 틀린 것은?",3
"One wonders whether our children’s inherent capacity to recognize, classify, and order information about their environment ― abilities once essential to our very survival ― is slowly devolving to facilitate life in [their] increasingly virtualized world. ",TRUE,2018,9월,28,"다음 글의 밑줄 친 부분 중, 어법상 틀린 것은?",4
It’s all part of [what] Robert Pyle first called “the extinction of experience.”,TRUE,2018,9월,28,"다음 글의 밑줄 친 부분 중, 어법상 틀린 것은?",5
"Why does the “pure” acting of the movies not seem unnatural to the audience, who, after all, are accustomed in real life to people whose expression is more or less indistinct?",TRUE,2018,9월,29,"(A), (B), (C)의 각 네모 안에서 문맥에 맞는 낱말로 가장 적절한 것은?",0
Most people’s perception in these matters is not very sharp. ,TRUE,2018,9월,29,"(A), (B), (C)의 각 네모 안에서 문맥에 맞는 낱말로 가장 적절한 것은?",0
They are not in the habit of observing closely the play of features of their fellow men ― either in real life or at the movies. ,TRUE,2018,9월,29,"(A), (B), (C)의 각 네모 안에서 문맥에 맞는 낱말로 가장 적절한 것은?",0
They are [disappointed] with grasping the meaning of what they see. ,FALSE,2018,9월,29,"(A), (B), (C)의 각 네모 안에서 문맥에 맞는 낱말로 가장 적절한 것은?",A
They are [satisfied] with grasping the meaning of what they see. ,TRUE,2018,9월,29,"(A), (B), (C)의 각 네모 안에서 문맥에 맞는 낱말로 가장 적절한 것은?",A
"Thus, they often take in the overemphasized expression of film actors more easily than any that is too naturalistic. ",TRUE,2018,9월,29,"(A), (B), (C)의 각 네모 안에서 문맥에 맞는 낱말로 가장 적절한 것은?",0
"And as far as lovers of art are concerned, they do not look at the movies for imitations of nature but for art. ",TRUE,2018,9월,29,"(A), (B), (C)의 각 네모 안에서 문맥에 맞는 낱말로 가장 적절한 것은?",0
"They know that [artistic] is always explaining, refining, and making clear the object depicted. ",TRUE,2018,9월,29,"(A), (B), (C)의 각 네모 안에서 문맥에 맞는 낱말로 가장 적절한 것은?",B
"They know that [real representation] is always explaining, refining, and making clear the object depicted. ",FALSE,2018,9월,29,"(A), (B), (C)의 각 네모 안에서 문맥에 맞는 낱말로 가장 적절한 것은?",B
"Things that in real life are imperfectly realized, merely hinted at, and entangled with other  things appear in a work of art complete, entire, and [free] from irrelevant matters. ",TRUE,2018,9월,29,"(A), (B), (C)의 각 네모 안에서 문맥에 맞는 낱말로 가장 적절한 것은?",C
"Things that in real life are imperfectly realized, merely hinted at, and entangled with other  things appear in a work of art complete, entire, and [inseparable] from irrelevant matters. ",FALSE,2018,9월,29,"(A), (B), (C)의 각 네모 안에서 문맥에 맞는 낱말로 가장 적절한 것은?",C
This is also true of acting in film.,TRUE,2018,9월,29,"(A), (B), (C)의 각 네모 안에서 문맥에 맞는 낱말로 가장 적절한 것은?",0
"Though most bees fill their days visiting flowers and collecting pollen, some bees take advantage of the hard work of others. ",TRUE,2018,6월,28,"다음 글의 밑줄 친 부분 중, 어법상 틀린 것은?",0
"These thieving bees sneak into the nest of an [unsuspecting] “normal” bee (known as the host), lay an egg near the pollen mass being gathered by the host bee for her own offspring, and then sneak back out. ",TRUE,2018,6월,28,"다음 글의 밑줄 친 부분 중, 어법상 틀린 것은?",1
"When the egg of the thief hatches, it kills the host’s offspring and then eats the pollen meant for [its] victim. ",TRUE,2018,6월,28,"다음 글의 밑줄 친 부분 중, 어법상 틀린 것은?",2
"Sometimes called brood parasites, these bees are also referred to as cuckoo bees, because they are similar to cuckoo birds, which lay an egg in the nest of another bird and [leaves] it for that bird to raise.",FALSE,2018,6월,28,"다음 글의 밑줄 친 부분 중, 어법상 틀린 것은?",3
They are more [technically] called cleptoparasites.,TRUE,2018,6월,28,"다음 글의 밑줄 친 부분 중, 어법상 틀린 것은?",4
"Clepto means “thief” in Greek, and the term cleptoparasite refers specifically to an organism [that] lives off another by stealing its food.",TRUE,2018,6월,28,"다음 글의 밑줄 친 부분 중, 어법상 틀린 것은?",5
In this case the cleptoparasite feeds on the host’s hard-earned pollen stores.,TRUE,2018,6월,28,"다음 글의 밑줄 친 부분 중, 어법상 틀린 것은?",0
Some coaches erroneously believe that mental skills training (MST) can only help perfect the performance of highly skilled competitors. ,TRUE,2018,6월,29,"(A), (B), (C)의 각 네모 안에서 문맥에 맞는 낱말로 가장 적절한 것은?",0
"As a result, they shy away from MST, [denying] that because they are not coaching elite athletes, mental skills training is less important. ",FALSE,2018,6월,29,"(A), (B), (C)의 각 네모 안에서 문맥에 맞는 낱말로 가장 적절한 것은?",A
"As a result, they shy away from MST, [rationalizing] that because they are not coaching elite athletes, mental skills training is less important. ",TRUE,2018,6월,29,"(A), (B), (C)의 각 네모 안에서 문맥에 맞는 낱말로 가장 적절한 것은?",A
It is true that mental skills become increasingly important at high levels of competition. ,TRUE,2018,6월,29,"(A), (B), (C)의 각 네모 안에서 문맥에 맞는 낱말로 가장 적절한 것은?",0
"As athletes move up the competitive ladder, they become more homogeneous in terms of physical skills. ",TRUE,2018,6월,29,"(A), (B), (C)의 각 네모 안에서 문맥에 맞는 낱말로 가장 적절한 것은?",0
"In fact, at high levels of competition, all athletes have the physical skills to be successful. ",TRUE,2018,6월,29,"(A), (B), (C)의 각 네모 안에서 문맥에 맞는 낱말로 가장 적절한 것은?",0
"Consequently, any small difference in [physical] factors can play a huge role in determining performance outcomes.",FALSE,2018,6월,29,"(A), (B), (C)의 각 네모 안에서 문맥에 맞는 낱말로 가장 적절한 것은?",B
"Consequently, any small difference in [mental] factors can play a huge role in determining performance outcomes.",TRUE,2018,6월,29,"(A), (B), (C)의 각 네모 안에서 문맥에 맞는 낱말로 가장 적절한 것은?",B
"However, we can anticipate that personal growth and performance will progress faster in young, developing athletes who are given mental skills training than in athletes not exposed to MST.",TRUE,2018,6월,29,"(A), (B), (C)의 각 네모 안에서 문맥에 맞는 낱말로 가장 적절한 것은?",0
"In fact, the optimal time for introducing MST may be when athletes are first beginning their sport. ",TRUE,2018,6월,29,"(A), (B), (C)의 각 네모 안에서 문맥에 맞는 낱말로 가장 적절한 것은?",0
Introducing MST [early] in athletes’ careers may lay the foundation that will help them develop to their full potential.,TRUE,2018,6월,29,"(A), (B), (C)의 각 네모 안에서 문맥에 맞는 낱말로 가장 적절한 것은?",C
Introducing MST [later] in athletes’ careers may lay the foundation that will help them develop to their full potential.,FALSE,2018,6월,29,"(A), (B), (C)의 각 네모 안에서 문맥에 맞는 낱말로 가장 적절한 것은?",C
"Like life in traditional society, but unlike other team sports, baseball is not governed by the clock.",TRUE,2017,9월,28,"(A), (B), (C)의 각 네모 안에서 어법에 맞는 표현으로 가장 적절한 것은? ",0
"A football game is comprised of exactly sixty minutes of play, a basketball game forty or forty-eight minutes, but baseball has no set length of time within which the game must be completed. ",TRUE,2017,9월,28,"(A), (B), (C)의 각 네모 안에서 어법에 맞는 표현으로 가장 적절한 것은? ",0
"The pace of the game is therefore leisurely and [unhurried], like the world before the discipline of measured time, deadlines, schedules, and wages paid by the hour. ",TRUE,2017,9월,28,"(A), (B), (C)의 각 네모 안에서 어법에 맞는 표현으로 가장 적절한 것은? ",A
"The pace of the game is therefore leisurely and [unhurriedly], like the world before the discipline of measured time, deadlines, schedules, and wages paid by the hour. ",FALSE,2017,9월,28,"(A), (B), (C)의 각 네모 안에서 어법에 맞는 표현으로 가장 적절한 것은? ",A
"Baseball belongs to the kind of world [which] people did not say, “I haven’t got all day.” ",FALSE,2017,9월,28,"(A), (B), (C)의 각 네모 안에서 어법에 맞는 표현으로 가장 적절한 것은? ",B
"Baseball belongs to the kind of world [in which] people did not say, “I haven’t got all day.” ",TRUE,2017,9월,28,"(A), (B), (C)의 각 네모 안에서 어법에 맞는 표현으로 가장 적절한 것은? ",B
Baseball games do have all day to be played. But that does not mean that they can go on forever.,TRUE,2017,9월,28,"(A), (B), (C)의 각 네모 안에서 어법에 맞는 표현으로 가장 적절한 것은? ",0
"Baseball, like traditional life, proceeds according to the rhythm of nature, specifically the rotation of the Earth. ",TRUE,2017,9월,28,"(A), (B), (C)의 각 네모 안에서 어법에 맞는 표현으로 가장 적절한 것은? ",0
"During its first half century, games were not played at night, which meant that baseball games, like the traditional work day, [ending] when the sun set.",FALSE,2017,9월,28,"(A), (B), (C)의 각 네모 안에서 어법에 맞는 표현으로 가장 적절한 것은? ",C
"During its first half century, games were not played at night, which meant that baseball games, like the traditional work day, [ended] when the sun set.",TRUE,2017,9월,28,"(A), (B), (C)의 각 네모 안에서 어법에 맞는 표현으로 가장 적절한 것은? ",C
You can’t have a democracy if you can’t talk with your neighbors about matters of mutual interest or concern. ,TRUE,2017,9월,29,"(A), (B), (C)의 각 네모 안에서 문맥에 맞는 낱말로 가장 적절한 것은?",0
"Thomas Jefferson, who had an enduring interest in democracy, came to a similar conclusion. ",TRUE,2017,9월,29,"(A), (B), (C)의 각 네모 안에서 문맥에 맞는 낱말로 가장 적절한 것은?",0
"He was prescient in understanding the dangers of [concentrated] power, whether in corporations or in political leaders or exclusionary political institutions.",TRUE,2017,9월,29,"(A), (B), (C)의 각 네모 안에서 문맥에 맞는 낱말로 가장 적절한 것은?",A
"He was prescient in understanding the dangers of [limited] power, whether in corporations or in political leaders or exclusionary political institutions.",FALSE,2017,9월,29,"(A), (B), (C)의 각 네모 안에서 문맥에 맞는 낱말로 가장 적절한 것은?",A
Direct involvement of citizens was what had made the American Revolution possible and given the new republic vitality and hope for the future. ,TRUE,2017,9월,29,"(A), (B), (C)의 각 네모 안에서 문맥에 맞는 낱말로 가장 적절한 것은?",0
"Without that involvement, the republic would die. ",TRUE,2017,9월,29,"(A), (B), (C)의 각 네모 안에서 문맥에 맞는 낱말로 가장 적절한 것은?",0
"Eventually, he saw a need for the nation to be [blended] into “wards” ― political units so small that everyone living there could participate directly in the political process. ",FALSE,2017,9월,29,"(A), (B), (C)의 각 네모 안에서 문맥에 맞는 낱말로 가장 적절한 것은?",B
"Eventually, he saw a need for the nation to be  [subdivided] into “wards” ― political units so small that everyone living there could participate directly in the political process. ",TRUE,2017,9월,29,"(A), (B), (C)의 각 네모 안에서 문맥에 맞는 낱말로 가장 적절한 것은?",B
The representatives for each ward in the capital would have to be [resistant] to citizens organized in this way.,FALSE,2017,9월,29,"(A), (B), (C)의 각 네모 안에서 문맥에 맞는 낱말로 가장 적절한 것은?",C
The representatives for each ward in the capital would have to be [responsive] to citizens organized in this way.,TRUE,2017,9월,29,"(A), (B), (C)의 각 네모 안에서 문맥에 맞는 낱말로 가장 적절한 것은?",C
A vibrant democracy conducted locally would then provide the active basic unit for the democratic life of the republic. ,TRUE,2017,9월,29,"(A), (B), (C)의 각 네모 안에서 문맥에 맞는 낱말로 가장 적절한 것은?",0
"With that kind of involvement, the republic might survive and prosper.",TRUE,2017,9월,29,"(A), (B), (C)의 각 네모 안에서 문맥에 맞는 낱말로 가장 적절한 것은?",0
"If an animal is innately programmed for some type of behaviour, then there [are] likely to be biological clues.",TRUE,2017,6월,28,"다음 글의 밑줄 친 부분 중, 어법상 틀린 것은?",1
"It is no accident that fish have bodies which are streamlined and [smooth], with fins and a powerful tail.",TRUE,2017,6월,28,"다음 글의 밑줄 친 부분 중, 어법상 틀린 것은?",2
Their bodies are structurally adapted for moving fast through the water.,TRUE,2017,6월,28,"다음 글의 밑줄 친 부분 중, 어법상 틀린 것은?",0
"Similarly, if you found a dead bird or mosquito, you could guess by looking at [its] wings that flying was its normal mode of transport.",TRUE,2017,6월,28,"다음 글의 밑줄 친 부분 중, 어법상 틀린 것은?",3
"However, we must not be over-optimistic.",TRUE,2017,6월,28,"다음 글의 밑줄 친 부분 중, 어법상 틀린 것은?",0
Biological clues are not essential.,TRUE,2017,6월,28,"다음 글의 밑줄 친 부분 중, 어법상 틀린 것은?",0
The extent to which they are [finding] varies from animal to animal and from activity to activity.,FALSE,2017,6월,28,"다음 글의 밑줄 친 부분 중, 어법상 틀린 것은?",4
"For example, it is impossible to guess from their bodies that birds make nests, and, sometimes, animals behave in a way quite contrary to [what] might be expected from their physical form: ghost spiders have tremendously long legs, yet they weave webs out of very short threads.",TRUE,2017,6월,28,"다음 글의 밑줄 친 부분 중, 어법상 틀린 것은?",5
"To a human observer, their legs seem a great hindrance as they spin and move about the web.",TRUE,2017,6월,28,"다음 글의 밑줄 친 부분 중, 어법상 틀린 것은?",0
"In 2001, researchers at Wayne State University asked a group of college volunteers to exercise for twenty minutes at a [preset] pace on each of three machines: a treadmill, a stationary bike, and a stair climber.",FALSE,2017,6월,29,"(A), (B), (C)의 각 네모 안에서 문맥에 맞는 낱말로 가장 적절한 것은?",A
"In 2001, researchers at Wayne State University asked a group of college volunteers to exercise for twenty minutes at a [self-selected] pace on each of three machines: a treadmill, a stationary bike, and a stair climber.",TRUE,2017,6월,29,"(A), (B), (C)의 각 네모 안에서 문맥에 맞는 낱말로 가장 적절한 것은?",A
"Measurements of heart rate, oxygen consumption, and perceived effort were taken throughout all three workouts.",TRUE,2017,6월,29,"(A), (B), (C)의 각 네모 안에서 문맥에 맞는 낱말로 가장 적절한 것은?",0
The researchers expected to find that the subjects unconsciously targeted the same relative physiological intensity in each activity.,TRUE,2017,6월,29,"(A), (B), (C)의 각 네모 안에서 문맥에 맞는 낱말로 가장 적절한 것은?",0
Perhaps they would [automatically] exercise at 65 percent of their maximum heart rate regardless of which machine they were using.,TRUE,2017,6월,29,"(A), (B), (C)의 각 네모 안에서 문맥에 맞는 낱말로 가장 적절한 것은?",B
Perhaps they would [intentionally] exercise at 65 percent of their maximum heart rate regardless of which machine they were using.,FALSE,2017,6월,29,"(A), (B), (C)의 각 네모 안에서 문맥에 맞는 낱말로 가장 적절한 것은?",B
Or maybe they would instinctively settle into rhythm at 70 percent of their maximum rate of oxygen consumption in all three workouts.,TRUE,2017,6월,29,"(A), (B), (C)의 각 네모 안에서 문맥에 맞는 낱말로 가장 적절한 것은?",0
But that’s not what happened.,TRUE,2017,6월,29,"(A), (B), (C)의 각 네모 안에서 문맥에 맞는 낱말로 가장 적절한 것은?",0
"There was, in fact, no [consistency] in measurements of heart rate and oxygen consumption across the three disciplines.",TRUE,2017,6월,29,"(A), (B), (C)의 각 네모 안에서 문맥에 맞는 낱말로 가장 적절한 것은?",C
"There was, in fact, no [variation] in measurements of heart rate and oxygen consumption across the three disciplines.",FALSE,2017,6월,29,"(A), (B), (C)의 각 네모 안에서 문맥에 맞는 낱말로 가장 적절한 것은?",C
"Instead, the subjects were found to have chosen the same level of perceived effort on the treadmill, the bike, and the stair climber.",TRUE,2017,6월,29,"(A), (B), (C)의 각 네모 안에서 문맥에 맞는 낱말로 가장 적절한 것은?",0
The Internet and communication technologies play an ever-increasing role in the social lives of young people in developed societies.,TRUE,2016,9월,28,"다음 글의 밑줄 친 부분 중, 어법상 틀린 것은?",0
Adolescents have been quick to immerse themselves in technology with most [using] the Internet to communicate.,TRUE,2016,9월,28,"다음 글의 밑줄 친 부분 중, 어법상 틀린 것은?",1
Young people treat the mobile phone as an essential necessity of life and often prefer to use text messages to communicate with their friends.,TRUE,2016,9월,28,"다음 글의 밑줄 친 부분 중, 어법상 틀린 것은?",0
Young people also [increasingly] access social networking websites.,TRUE,2016,9월,28,"다음 글의 밑줄 친 부분 중, 어법상 틀린 것은?",2
"As technology and the Internet are a familiar resource for young people, it is logical [what] they would seek assistance from this source.",FALSE,2016,9월,28,"다음 글의 밑줄 친 부분 중, 어법상 틀린 것은?",3
This has been shown by the increase in websites that provide therapeutic information for young people.,TRUE,2016,9월,28,"다음 글의 밑줄 친 부분 중, 어법상 틀린 것은?",0
A number of ‘youth friendly’ mental health websites [have] been developed.,TRUE,2016,9월,28,"다음 글의 밑줄 친 부분 중, 어법상 틀린 것은?",4
"The information [presented] often takes the form of Frequently Asked Questions, fact sheets and suggested links.",TRUE,2016,9월,28,"다음 글의 밑줄 친 부분 중, 어법상 틀린 것은?",5
"It would seem, therefore, logical to provide online counselling for young people.",TRUE,2016,9월,28,"다음 글의 밑줄 친 부분 중, 어법상 틀린 것은?",0
"An Egyptian executive, after entertaining his Canadian guest, offered him joint partnership in a new business venture.",TRUE,2016,9월,29,"다음 글의 밑줄 친 부분 중,문맥상 낱말의 쓰임이 적절하지 않은 것은? ",0
"The Canadian, delighted with the offer, suggested that they meet again the next morning with their [respective] lawyers to finalize the details.",TRUE,2016,9월,29,"다음 글의 밑줄 친 부분 중,문맥상 낱말의 쓰임이 적절하지 않은 것은? ",1
The Egyptian never showed up.,TRUE,2016,9월,29,"다음 글의 밑줄 친 부분 중,문맥상 낱말의 쓰임이 적절하지 않은 것은? ",0
The surprised and disappointed Canadian tried to understand what had gone wrong: ,TRUE,2016,9월,29,"다음 글의 밑줄 친 부분 중,문맥상 낱말의 쓰임이 적절하지 않은 것은? ",0
Did Egyptians [lack] punctuality? ,TRUE,2016,9월,29,"다음 글의 밑줄 친 부분 중,문맥상 낱말의 쓰임이 적절하지 않은 것은? ",2
Was the Egyptian expecting a counter-offer? ,TRUE,2016,9월,29,"다음 글의 밑줄 친 부분 중,문맥상 낱말의 쓰임이 적절하지 않은 것은? ",0
Were lawyers unavailable in Cairo? ,TRUE,2016,9월,29,"다음 글의 밑줄 친 부분 중,문맥상 낱말의 쓰임이 적절하지 않은 것은? ",0
None of these explanations proved to be correct; ,TRUE,2016,9월,29,"다음 글의 밑줄 친 부분 중,문맥상 낱말의 쓰임이 적절하지 않은 것은? ",0
"rather, the problem was [caused] by the different meaning Canadians and Egyptians attach to inviting lawyers.",TRUE,2016,9월,29,"다음 글의 밑줄 친 부분 중,문맥상 낱말의 쓰임이 적절하지 않은 것은? ",3
The Canadian regarded the lawyers’ [absence] as facilitating the successful completion of the negotiation; ,FALSE,2016,9월,29,"다음 글의 밑줄 친 부분 중,문맥상 낱말의 쓰임이 적절하지 않은 것은? ",4
the Egyptian interpreted it as signaling the Canadian’s mistrust of his verbal commitment.,TRUE,2016,9월,29,"다음 글의 밑줄 친 부분 중,문맥상 낱말의 쓰임이 적절하지 않은 것은? ",0
Canadians often use the impersonal formality of a lawyer’s services to finalize [agreements].,TRUE,2016,9월,29,"다음 글의 밑줄 친 부분 중,문맥상 낱말의 쓰임이 적절하지 않은 것은? ",5
"Egyptians, by contrast, more frequently depend on the personal relationship between bargaining partners to accomplish the same purpose.",TRUE,2016,9월,29,"다음 글의 밑줄 친 부분 중,문맥상 낱말의 쓰임이 적절하지 않은 것은? ",0
An independent artist is probably the one [who] lives closest to an unbounded creative situation.,TRUE,2016,6월,28,"다음 글의 밑줄 친 부분 중, 어법상 틀린 것은?",1
"Many artists have considerable freedom from external requirements about what to do, how to do it, when to do it, and why.",TRUE,2016,6월,28,"다음 글의 밑줄 친 부분 중, 어법상 틀린 것은?",0
"At the same time, however, we know that artists usually limit themselves quite [forcefully] by choice of material and form of expression.",TRUE,2016,6월,28,"다음 글의 밑줄 친 부분 중, 어법상 틀린 것은?",2
"To make the choice to express a feeling by carving a specific form from a rock, without the use of high technology or colors, [restricting] the artist significantly.",FALSE,2016,6월,28,"다음 글의 밑줄 친 부분 중, 어법상 틀린 것은?",3
"Such choices are not made to limit creativity, but rather to cultivate [it].",TRUE,2016,6월,28,"다음 글의 밑줄 친 부분 중, 어법상 틀린 것은?",4
"When everything is possible, creativity has no tension.",TRUE,2016,6월,28,"다음 글의 밑줄 친 부분 중, 어법상 틀린 것은?",0
"Creativity is strange in that it finds its way in any kind of situation, no matter how restricted, just as the same amount of water flows faster and stronger through a narrow strait [than] across the open sea.",TRUE,2016,6월,28,"다음 글의 밑줄 친 부분 중, 어법상 틀린 것은?",5
The desert locust lives in two remarkably different styles depending on the availability of food sources and the density of the local locust population.,TRUE,2016,6월,29,"(A), (B), (C)의 각 네모 안에서 문맥에 맞는 낱말로 가장 적절한 것은?",0
"When food is scarce, as it usually is in their native desert habitat, locusts are born with coloring designed for camouflage and lead [solitary] lives.",TRUE,2016,6월,29,"(A), (B), (C)의 각 네모 안에서 문맥에 맞는 낱말로 가장 적절한 것은?",A
"When food is scarce, as it usually is in their native desert habitat, locusts are born with coloring designed for camouflage and lead [social] lives.",FALSE,2016,6월,29,"(A), (B), (C)의 각 네모 안에서 문맥에 맞는 낱말로 가장 적절한 것은?",A
"But when rare periods of significant rain produce major vegetation growth, everything changes.",TRUE,2016,6월,29,"(A), (B), (C)의 각 네모 안에서 문맥에 맞는 낱말로 가장 적절한 것은?",0
"At first, the locusts continue to be loners, just feasting off the [insufficient] food supply.",FALSE,2016,6월,29,"(A), (B), (C)의 각 네모 안에서 문맥에 맞는 낱말로 가장 적절한 것은?",B
"At first, the locusts continue to be loners, just feasting off the [abundant] food supply.",TRUE,2016,6월,29,"(A), (B), (C)의 각 네모 안에서 문맥에 맞는 낱말로 가장 적절한 것은?",B
"But as the extra vegetation starts to die off, the locusts find themselves crowded together.",TRUE,2016,6월,29,"(A), (B), (C)의 각 네모 안에서 문맥에 맞는 낱말로 가장 적절한 것은?",0
"Suddenly, baby locusts are born with bright colors and a preference for company.",TRUE,2016,6월,29,"(A), (B), (C)의 각 네모 안에서 문맥에 맞는 낱말로 가장 적절한 것은?",0
"Instead of avoiding one another and hiding from predators through camouflage and inactivity, these locusts gather in vast groups, feed together, and [overwhelm] their predators simply through numbers.",TRUE,2016,6월,29,"(A), (B), (C)의 각 네모 안에서 문맥에 맞는 낱말로 가장 적절한 것은?",C
"Instead of avoiding one another and hiding from predators through camouflage and inactivity, these locusts gather in vast groups, feed together, and [overestimate] their predators simply through numbers.",FALSE,2016,6월,29,"(A), (B), (C)의 각 네모 안에서 문맥에 맞는 낱말로 가장 적절한 것은?",C